id,y_pred
312135211,0
310757278,0
9458805,0
94708789,0
87627020,0
309993924,0
245745161,0
271799168,0
86725105,0
87759498,0
244793937,0
245433847,0
230326367,0
245719237,0
77849874,0
312818668,0
230424227,0
163337312,0
230530232,0
232400415,0
26157586,0
86630618,0
310146553,0
86573784,0
5542792,0
244682775,0
86821742,0
245791765,0
112821850,0
245210999,0
310422881,0
184545404,0
234034422,0
310464822,0
87889638,0
265219662,0
20964924,0
204236566,0
75605325,0
86719418,0
230523235,0
11127484,0
27519165,0
106612614,0
245788275,0
245199347,0
60651800,0
245478865,0
86599052,0
230457918,0
234442451,0
230541529,0
231996121,0
230454330,0
232363566,0
279481891,0
232040330,0
245741529,0
54358998,0
215701311,0
86842126,0
312813103,0
64708788,0
27929626,0
246057550,0
246406743,0
87342596,0
87753498,0
246058720,0
86590556,0
248102037,0
86579328,0
279054791,0
312807992,0
244686982,0
87823665,0
245502821,0
87393828,0
2236820,0
244733605,0
230659433,0
46472279,0
245391818,0
3891764,0
39385403,0
183321578,0
81486292,0
303859403,0
29243011,0
279484179,0
245830451,0
279027591,0
246408476,0
232404536,0
59448368,0
279030703,0
6271519,0
279972478,0
232013493,0
54633823,0
95963842,0
239494120,0
244688159,0
19146132,0
314884604,0
86772089,0
232039878,0
232399133,0
245740625,0
19915871,0
121435080,0
87715993,0
230539715,0
67390336,0
102585871,0
310492374,0
310048958,0
230457095,0
126030978,0
86843496,0
10336737,0
244695059,0
245386472,0
72853748,0
87256978,0
232340237,0
313125739,0
58743518,0
230548592,0
312154550,0
246141179,0
246383170,0
16449525,0
87061235,0
309990699,0
19915881,0
244795123,0
245211013,0
310489161,0
310121648,0
75598035,0
244318312,0
230522946,0
232699222,0
309942915,0
169889907,0
232441231,0
309930092,0
166283747,0
135516311,0
64828226,0
75604924,0
230593842,0
87754464,0
245732173,0
75601053,0
231176204,0
230456328,0
99506338,0
245269235,0
86787924,0
232009878,0
81167039,0
245500470,0
309949605,0
230653317,0
30685274,0
312210021,0
1322014,0
245241279,0
230457037,0
141466486,0
245202944,0
245440517,0
245241267,0
230530223,0
232067357,0
59230422,0
280127702,0
310434787,0
180621800,0
232047419,0
245768549,0
33809075,0
311374883,0
230649127,0
19112720,0
230336239,0
13767983,0
245240471,0
5488136,0
14560648,0
310464840,0
279012430,0
76867011,0
86633708,0
245424804,0
310471931,0
245242351,0
232902705,0
12902106,0
75607151,0
232047899,0
230348393,0
85343584,0
202715233,0
244780452,0
86850152,0
312875301,0
312898910,0
147343303,0
86821752,0
279946556,0
279492595,0
263339867,0
246046866,0
246042767,0
310142687,0
100930632,0
230456710,0
310524769,0
312360719,0
245158489,0
311053008,0
314823194,0
95767742,0
245722721,0
310492343,0
80894237,0
230437626,0
241216754,0
232896931,0
245248601,0
232350655,0
86642228,0
310433240,0
230456385,0
232897359,0
245775069,0
245777535,0
231993291,0
86670504,0
279524742,0
245461558,0
245441228,0
311398965,0
245316216,0
245241097,0
230531646,0
310516724,0
230658142,0
245721929,0
37234023,0
232468003,0
86734567,0
246403713,0
232945017,0
244365045,0
105937506,0
10288849,0
310532318,0
312183476,0
106613613,0
230548940,0
312505690,0
245266671,0
228482013,0
246317758,0
86765477,0
310110709,0
230325956,0
230522154,0
310108277,0
256864290,0
86745916,0
234212450,0
310083892,0
3890589,0
279440532,0
68869,0
230594521,0
3282951,0
9155437,0
309939215,0
86621861,0
38884750,0
246037461,0
313113591,0
10963621,0
244338786,0
86595116,0
234441424,0
230401732,0
232159075,0
89335432,0
86595184,0
310464806,0
27279853,0
9983413,0
230439628,0
230473487,0
245432953,0
187666116,0
230429613,0
230455932,0
310521871,0
312865534,0
86819537,0
8807616,0
139015802,0
245252060,0
232037102,0
310514659,0
245735282,0
86850672,0
230336077,0
8610712,0
232457891,0
46121245,0
74569356,0
246062081,0
51762853,0
245261216,0
230530380,0
2936021,0
246110120,0
230406006,0
86339912,0
245719183,0
244770315,0
75604040,0
105937241,0
134489376,0
19376769,0
224887409,0
6883850,0
310517090,0
75604973,0
232019384,0
4048848,0
27314936,0
312850506,0
230531175,0
232803366,0
203977390,0
184373514,0
203608656,0
245155558,0
233599191,0
41783743,0
246146590,0
245251810,0
245269243,0
245479187,0
2937644,0
244688989,0
230428370,0
309935586,0
245782213,0
245417415,0
37411465,0
19029959,0
3907848,0
21615883,0
232430450,0
312186221,0
244353974,0
279129901,0
87823638,0
232392089,0
232448820,0
246064254,0
310493432,0
245751292,0
245428225,0
27761463,0
245244841,0
230411677,0
245725054,0
245867172,0
143176842,0
3306662,0
245190228,0
11897673,0
245775299,0
4177107,0
32024483,0
34074225,0
310147678,0
232423028,0
232380269,0
310493676,0
245759866,0
232364495,0
3859040,0
230531179,0
246052184,0
86810839,0
232431922,0
87878273,0
245758360,0
250213833,0
7658496,0
244688980,0
231993125,0
230429959,0
191239534,0
279460808,0
77849872,0
310492324,0
310809420,0
28118793,0
244280886,0
230422092,0
230594114,0
244716119,0
231990417,0
215102406,0
230530322,0
310124337,0
76866742,0
194268862,0
244662712,0
279975704,0
13355059,0
228548215,0
279483918,0
310406757,0
243647790,0
244286948,0
73171316,0
86695285,0
87732720,0
87640393,0
75597659,0
86642552,0
245468862,0
230452759,0
313173822,0
7432551,0
78718454,0
205313460,0
244377403,0
230390246,0
245195164,0
157208766,0
86864571,0
76866770,0
3849610,0
236798499,0
34860994,0
245772786,0
19879261,0
230418062,0
71135783,0
245274453,0
231995279,0
232657067,0
87026583,0
279179624,0
232377194,0
76865995,0
310438838,0
87701755,0
25414676,0
232035061,0
245500079,0
312861182,0
241646110,0
203232166,0
310170704,0
309963003,0
227641342,0
230518019,0
87186227,0
234442472,0
244310237,0
310112528,0
230411679,0
312239179,0
232073795,0
309990882,0
232027351,0
232040336,0
245784128,0
86639461,0
230524173,0
244338657,0
309959966,0
86983462,0
245244839,0
310800226,0
1874227,0
109714567,0
245448249,0
245163947,0
272316150,0
310102609,0
245722349,0
245210685,0
312900710,0
279014980,0
279071371,0
232348828,0
245774149,0
76865409,0
87834996,0
21383909,0
88232245,0
245140342,0
246106219,0
230437675,0
245203708,0
245468049,0
87019113,0
86982027,0
245151870,0
230682622,0
230336160,0
313112565,0
245297376,0
245789728,0
244712003,0
250227813,0
232440027,0
310522846,0
310065488,0
86858836,0
227496946,0
232670427,0
230518409,0
279484561,0
310059216,0
3754816,0
279061216,0
246147642,0
87029771,0
202972465,0
9225546,0
3373104,0
245481533,0
230575916,0
309957829,0
229021799,0
184504689,0
244688132,0
231179660,0
245429242,0
75600743,0
230401724,0
50240227,0
310477627,0
246121778,0
245369463,0
310475820,0
313168990,0
196572976,0
190135548,0
244285202,0
234075333,0
259241763,0
232047017,0
6899179,0
279167739,0
13767982,0
246037488,0
121536582,0
86859079,0
312182796,0
232472560,0
90123464,0
309982970,0
245737748,0
71417917,0
86668127,0
19113558,0
245251155,0
95679861,0
245261897,0
3420550,0
80045329,0
266756255,0
189537574,0
246121800,0
230456393,0
244688660,0
279033959,0
245773659,0
245759780,0
36936996,0
310508561,0
312931729,0
230548659,0
86789685,0
230438486,0
87759034,0
245436164,0
312358328,0
246374790,0
88063455,0
230446999,0
232920279,0
230453432,0
230543211,0
75696726,0
230428027,0
245346937,0
230436761,0
245197550,0
232025318,0
244738146,0
86619015,0
230348233,0
8762704,0
3907730,0
312779004,0
245165932,0
245216312,0
246046207,0
314252745,0
312128044,0
245769414,0
289516780,0
261394222,0
312194436,0
245764724,0
310433766,0
310111859,0
310488588,0
230459688,0
505691,0
232673949,0
232634213,0
230549474,0
212359529,0
230390236,0
310492210,0
245233778,0
312506282,0
87909356,0
245425074,0
54633775,0
211053597,0
312901250,0
279496636,0
2829847,0
249515508,0
24997827,0
231175968,0
245775289,0
245751386,0
279103012,0
773613,0
312505653,0
87752135,0
86716957,0
33457749,0
88717759,0
313419797,0
310486156,0
26319468,0
244680822,0
244697399,0
4947989,0
2929201,0
90339286,0
230679204,0
245378252,0
279168525,0
87027994,0
232381096,0
88669587,0
87798640,0
87027011,0
245761790,0
87026590,0
87761252,0
244798001,0
230427485,0
245755618,0
246142518,0
230569396,0
191212024,0
279485575,0
244760258,0
87758851,0
232007424,0
93852556,0
310514972,0
245339527,0
36713700,0
246400480,0
234470030,0
310100960,0
245440149,0
230546633,0
2849715,0
230593839,0
87802762,0
230531606,0
245241070,0
279481419,0
230402450,0
3402247,0
245410105,0
35047370,0
166888820,0
66233409,0
18492589,0
230768499,0
245277944,0
246324695,0
279199922,0
246217546,0
145321005,0
279964530,0
76865211,0
86860738,0
308099887,0
230530382,0
232440030,0
256864113,0
230392567,0
244758652,0
234428670,0
312358187,0
86622285,0
183323666,0
22837817,0
38137717,0
230465362,0
245988039,0
310528907,0
245154801,0
314868916,0
145388391,0
244660434,0
230566429,0
48236824,0
86887896,0
203423879,0
312881543,0
245427813,0
2230331,0
87758840,0
314849844,0
230437623,0
245783683,0
245152337,0
37921042,0
245415105,0
87646784,0
87823688,0
240251169,0
230739251,0
87657715,0
43219810,0
3028056,0
87438965,0
310496824,0
312172715,0
51341678,0
3851887,0
3097785,0
310118136,0
310433239,0
310102967,0
88431472,0
218528897,0
230437686,0
245390791,0
7897465,0
19113559,0
244689605,0
232780866,0
245871770,1
310457380,0
86724475,0
232383544,0
230451740,0
86545049,0
69733509,0
3402218,0
4961135,0
233391414,0
76654243,0
232956949,0
15586059,0
231572982,0
245872371,0
246392559,0
230541058,0
244715426,0
2713066,0
245208166,0
13778818,0
232670448,0
309957243,0
232687785,0
248661545,0
232016992,0
310154140,0
246381809,0
312188713,0
310122449,0
230456346,0
23855435,0
27557847,0
86595127,0
3402202,0
314892181,0
2476099,0
245737997,0
75605180,0
245421435,0
230531147,0
310424297,0
230641059,0
313103794,0
245823979,0
183321641,0
232009674,0
231241773,0
141511405,0
245200346,0
313986756,0
246190012,0
230439799,0
312891318,0
232959354,0
87823690,0
232383582,0
3740000,0
32320039,0
245432343,0
246060493,0
230683184,0
246047495,0
245201354,0
86575262,0
230548574,0
57416552,0
246170513,0
279015746,0
86842876,0
310493677,0
87637993,0
15012481,0
244744785,0
244688648,0
22837986,0
312926671,0
245476776,0
230455948,0
310759706,0
245757095,0
82401862,0
212386077,0
86745772,0
312138506,0
201437269,0
246062688,0
230101133,0
245501419,0
310438845,0
34469745,0
232395867,0
233027078,0
2203810,0
245765207,0
279471795,0
230702954,0
41269709,0
310087642,0
244327217,0
111923151,0
230449122,0
2716244,0
245839603,0
245195650,0
87702815,0
246387332,0
310492337,0
245477452,0
232665421,0
245270504,0
310430390,0
51449604,0
244715503,0
250210785,0
230555952,0
310514774,0
246091598,0
20924225,0
15290459,0
246058560,0
245430591,0
230576392,0
245241726,0
310121612,0
33332486,0
230391877,0
232022773,0
230528742,0
230427125,0
230545739,0
230847087,0
16068825,0
67268410,0
310152892,0
230438107,0
232075508,0
10463251,0
309932224,0
83079321,0
230436126,0
25287032,0
244755019,0
279049877,0
204266770,0
86776068,0
310513779,0
219091991,0
46283398,0
232403821,0
244315810,0
246378345,0
245786770,0
230602361,0
230428191,0
2240553,0
245789154,0
87791785,0
42953128,0
310492320,0
10952897,0
310468684,0
309991129,0
230426341,0
77053827,0
234458119,0
245868455,0
86804192,0
280097253,0
232431910,0
232383608,0
86648101,0
230530819,0
87713657,0
230391409,0
86619338,0
245792423,0
245267066,0
312202384,0
86807536,0
244659892,0
86699971,0
230946668,0
310425225,0
88976834,0
245503845,0
246049845,0
230455943,0
245778049,0
74602557,0
246371375,0
3094131,0
13300444,0
230643075,0
245415287,0
19879866,0
16664643,0
232673081,0
90001524,0
245723657,0
158861483,0
3401466,0
230457448,0
309957881,0
245765191,0
230456332,0
54550655,0
86742012,0
32976149,0
230411264,0
86573129,0
230547909,0
297573621,0
23236889,0
246382855,0
30346190,0
245178122,0
95431233,0
244659858,0
245432010,0
245208039,0
310101783,0
310468664,0
245244825,0
312828422,0
245717143,0
86741202,0
262506540,0
3421848,0
309937959,0
231178812,0
5382332,0
310496608,0
245243232,0
230471551,0
310492370,0
271356210,0
230517859,0
15407523,0
245717354,0
245199753,0
31926595,0
86806323,0
245284564,0
230451671,0
246189387,0
245720432,0
3402206,0
34860996,0
75668790,0
293106159,0
296778911,0
2218916,0
61988906,0
246060871,0
230470031,0
2207901,0
126533880,0
87823192,0
230520415,0
245409633,0
60494022,0
128854665,0
245792418,0
1430129,0
310474229,0
245159436,0
40386623,0
279760445,0
230569400,0
207809565,0
87761270,0
245464289,0
245752980,0
245778037,0
279450380,0
250229036,0
185742900,0
232631652,0
232414444,0
310448806,0
230454338,0
230585879,0
245369889,0
245206210,0
232067334,0
245480722,0
217565070,0
245305317,0
87909863,0
245767710,0
244714082,0
232471961,0
87719170,0
87237245,0
245371242,0
314429359,0
230456729,0
230551382,0
132577394,0
310131387,0
310129230,0
251020866,0
230653312,0
5377211,0
86807939,0
3880822,0
246065039,0
310431545,0
309914591,0
88150900,0
246392322,0
245516116,0
46472280,0
24859171,0
3273965,0
244374047,0
230467682,0
35134481,0
256863833,0
37429548,0
5358756,0
16209229,0
230658178,0
244716121,0
310469463,0
66828096,0
203606919,0
279069034,0
3402672,0
245153549,0
124511994,0
230442139,0
75597531,0
232634676,0
234457549,0
230331385,0
175233393,0
81365406,0
9258792,0
246401035,0
87729826,0
230531173,0
232450696,0
232357823,0
309925349,0
244679330,0
245760677,0
230343385,0
86792543,0
246377980,0
246154878,0
10743313,0
34123925,0
3893334,0
230333028,0
246039005,0
198704639,0
87074784,0
186065458,0
245245509,0
203609815,0
230525370,0
52230672,0
86617280,0
279463365,0
87988313,0
246691337,0
86745922,0
86574861,0
232065249,0
230541521,0
2883358,0
232064393,0
2905057,0
195221360,0
86827721,0
280124477,0
246124864,0
230694847,0
310153160,0
38062994,0
12949915,0
245721918,0
48733430,0
231994292,0
87754474,0
314889297,0
244315287,0
230580826,0
279512451,0
230418066,0
9920215,0
231994059,0
30922214,0
232345639,0
112261956,0
245250453,0
88036813,0
310498318,0
230547950,0
87724414,0
245762547,0
245257386,0
310058751,0
309942277,0
310425095,0
245718432,0
244725329,0
232008935,0
244770638,0
230465376,0
244311710,0
231994232,0
232050300,0
246383401,0
9166011,0
244793941,0
310424485,0
244713773,0
82927541,0
232060233,0
230456351,0
75604616,0
244766033,0
5294829,0
230330036,0
245454197,0
246307737,0
198640224,0
279055417,0
203812102,0
310145188,0
310435039,0
310434141,0
109125976,0
310482692,0
246147914,0
310128470,0
246115915,0
230557030,0
87745932,0
244377835,0
232392085,0
232015203,0
311436699,0
85448544,0
27001703,0
86746964,0
309942272,0
27323573,0
309975242,0
245500289,0
230581464,0
310437452,0
134058818,0
86827157,0
313113141,0
157803291,0
3897291,0
232036658,0
87763605,0
310492198,0
230425284,0
231178807,0
86740880,0
10697082,0
230512979,0
230593845,0
310437360,0
310463614,0
310492302,0
245724981,0
87753734,0
279958723,0
252864486,0
230683178,0
245151868,0
33704549,0
310100976,0
244327989,0
232900132,0
27314739,0
310056471,0
244691833,0
310443402,0
232895765,0
16110211,0
244301833,0
310048974,0
86646667,0
310443036,0
86620556,0
314418834,0
12116194,0
245496501,0
230464782,0
309947526,0
230468025,0
310157130,0
230447404,0
310104635,0
3907831,0
230336058,0
230417093,0
245718384,0
232012309,0
309944276,0
310444506,0
267260,0
163941342,0
232427770,0
97107057,1
279456949,0
314838097,0
310493671,0
313107625,0
245775701,0
10979456,0
22837820,0
72334818,0
86765472,0
310066856,0
231997275,0
211517451,0
87019881,0
196627537,0
244703447,0
9153437,0
245795483,0
71369990,0
310445417,0
232010324,0
222368699,0
230436737,0
68587047,0
87790783,0
310114739,0
230468036,0
232662128,0
3900383,0
27312783,0
54813828,0
244350640,0
245284580,0
7809625,0
87625450,0
94554423,0
259930096,0
230545799,0
232631007,0
188168271,0
232959343,0
242854087,0
230439623,0
89914148,0
131659143,0
86612259,0
2886997,0
107068491,0
245724973,0
230417050,0
86763365,0
87701565,0
232432875,0
87027016,0
230542001,0
86784048,0
245736992,0
86794147,0
34074220,0
174345059,0
93204100,0
232418772,0
234428125,0
218544682,0
230560120,0
310163812,0
244740088,0
231996526,0
230590958,0
87782547,0
230458975,0
79637613,0
310119182,0
230550393,0
86557267,0
86563665,0
232949014,0
246145479,0
244744789,0
53090603,0
243641765,0
232347748,0
87752212,0
230470020,0
244795213,0
310464809,0
250229343,0
75604073,0
2203814,0
22837845,0
232000582,0
76864767,0
51426540,0
232404317,0
292592373,0
174325925,0
312494011,0
102594149,0
244683095,0
279173341,0
246121453,0
310170655,0
246245431,0
310154465,0
75597397,0
230470025,0
244359624,0
33891852,0
246348899,0
168644754,0
309930959,0
86644063,0
7455253,0
33290939,0
86704946,0
310459006,0
279933798,0
231264468,0
244790876,0
230578982,0
245245187,0
86826863,0
244692605,0
279493013,0
104203281,0
80980124,0
230442070,0
244715424,0
246052912,0
71452259,0
87773970,0
53204176,0
256864112,0
271799169,0
310110716,0
312508711,0
63190813,0
8815067,0
27536317,0
106965341,0
230458279,0
87697194,0
230427473,0
230543012,0
245776715,0
309926208,0
230326754,0
86734921,0
245747969,0
4947979,0
279030232,0
230339462,0
232419638,0
244702681,0
230417077,0
246049046,0
245288919,0
88669589,0
8371808,0
246061848,0
245768515,0
22837792,0
310510253,0
86857502,0
40612971,0
86615832,0
230577403,0
244693939,0
310410665,0
230424225,0
312118471,0
232686665,0
121117089,0
32431747,0
86745890,0
310054139,0
88568233,0
75210039,0
230518261,0
245339050,0
245334614,0
245239441,0
49493538,0
40623301,0
87731813,0
192431356,0
14938736,0
245782249,0
245737200,0
230694868,0
116717112,0
312182471,0
309987433,0
245424517,0
310444315,0
296778917,0
41327438,0
32708054,0
312817080,0
244302606,0
11139598,0
230541519,0
232031838,0
246392556,0
131986279,0
245774135,0
232925779,0
230428235,0
313121136,0
33313713,0
314825467,0
309994611,0
244712842,0
151608759,0
230400865,0
245465090,0
246086769,0
235043732,0
309925353,0
232448416,0
219662483,0
310685617,0
86801022,0
2928489,0
232072635,0
246072687,0
9205632,0
245776738,0
230822350,0
279970495,0
230549854,0
86826392,0
87785233,0
310732041,0
2752466,0
232392104,0
246042299,0
14179753,0
246414702,0
86830600,0
86946168,0
14600734,0
244679355,0
245405995,0
245734137,0
230418891,0
314880308,0
245440870,0
312108418,0
1812420,0
22837889,0
218531044,0
310496835,0
230434562,0
245771228,0
87694013,0
312931136,0
75997540,0
245430345,0
67808635,0
1843769,0
230459349,0
310419989,0
230531151,0
310102603,0
314859759,0
61609584,0
232658992,0
244342162,0
230400086,0
88126494,0
245435494,0
310080696,0
18871615,0
87823733,0
232959350,0
310148440,0
230400084,0
230537117,0
118473163,0
86930105,0
230414067,0
83936226,0
310071274,0
86793718,0
245780785,0
24029501,0
230548672,0
37301789,0
310492376,0
86638951,0
244285205,0
86781536,0
310515977,0
219280737,0
2710288,0
310513651,0
86735500,0
312503329,0
310511473,0
244377132,0
230647313,0
86721230,0
232349148,0
280182596,0
87762681,0
86578029,0
314676752,0
246064258,0
310510301,0
155829654,0
1804640,0
213798063,0
279207391,0
203605797,0
246113245,0
230968958,0
232022484,0
310529087,0
231487026,0
310471933,0
115326231,0
17260349,0
231995698,0
232053478,0
19137918,0
312901974,0
245424165,0
245179225,0
87827508,0
244281540,0
86542713,0
236994247,0
5531944,0
86736460,0
76865997,0
245734260,0
246056023,0
230770487,0
246058092,0
76002800,0
312173060,0
87750849,0
310449487,0
232012117,0
313107621,0
310464836,0
309957370,0
14333029,0
310513657,0
27435258,0
207801396,0
230468825,0
35864386,0
184900903,0
223100540,0
313113030,0
5263760,0
245750845,0
312891878,0
234760473,0
313113566,0
87893461,0
22837907,0
233751112,0
232902264,0
87031733,0
245199330,0
86788789,0
86671513,0
246424863,0
76865213,0
245428583,0
37233987,0
245299464,0
99506334,0
14558195,0
9150080,0
244762475,0
230457447,0
75604624,0
310496838,0
246120475,0
10982445,0
245200925,0
232432886,0
147684660,0
279062591,0
89867843,0
245724918,0
230543269,0
310115013,0
232431860,0
3081740,0
230423330,0
244314450,0
87981590,0
226908168,0
237429442,0
245215850,0
119483774,0
245406829,0
245731710,0
75604002,0
230440537,0
244364141,0
231994227,0
310496833,0
86801988,0
244314135,0
86736004,0
212689472,0
13346389,0
77913201,0
250228383,0
27739934,0
71384277,0
310801377,0
3733932,0
232067704,0
19916252,0
231599922,0
168952961,0
309970857,0
232431849,0
231177887,0
230595373,0
230527319,0
75600869,0
7460711,0
65427842,0
310468167,0
246413410,0
244297061,0
310170119,0
230468428,0
246051816,0
246989829,0
245498475,0
244715504,0
28172257,0
27929627,0
20379202,0
232000574,0
86726489,0
73164096,0
32482656,0
123292755,0
309960452,0
310074271,0
314789855,0
86932811,0
232006642,0
36310664,0
246058706,0
230330544,0
310449476,0
312870850,0
230457872,0
230586278,0
310508556,0
78868182,0
310101268,0
36442676,0
2937861,0
231239623,0
265497100,0
163736928,0
312869351,0
87764376,0
16078193,0
234419685,0
245724944,0
245258040,0
230421649,0
75604920,0
245256556,0
230473483,0
245166423,0
245722346,0
313156241,0
86815669,0
86877054,0
87716041,0
314804603,0
67886347,0
245348428,0
166201031,0
279442971,0
3403731,0
279470784,0
244693359,0
211570506,0
12946183,0
229695175,0
310526433,0
312358192,0
186736614,0
311424426,0
232472235,0
76888842,0
250227245,0
245753011,0
309966421,0
279642289,0
244661634,0
279217043,0
232899512,0
88027830,0
312507888,0
117787100,0
76866422,0
27434286,0
279062649,0
104512093,0
19112719,0
279199578,0
244771220,0
232342103,0
246406608,0
86777760,0
188786605,0
310430854,0
230647731,0
13964147,0
232642751,0
312891454,0
244359198,0
3753018,0
246049820,0
310171949,0
310102840,0
312171166,0
312864886,0
182335609,0
245745685,0
310516695,0
260549105,0
230594674,0
232902593,0
230659125,0
245204406,0
230530325,0
245415337,0
245157009,0
312350139,0
3875073,0
86269269,0
230531132,0
238378954,0
245499103,0
244377816,0
13644202,0
245255424,0
3761704,0
232346069,0
312158416,0
232688308,0
105937449,0
305484536,0
230437676,0
86804177,0
244679338,0
230454697,0
203605787,0
22837945,0
310505220,0
245205650,0
99506340,0
232406444,0
310489586,0
230456340,0
232548801,0
245249770,0
75598647,0
309991419,0
309936507,0
309990682,0
246349282,0
192652085,0
87752216,0
246412258,0
230472377,0
115098928,0
246059319,0
246045473,0
31191635,0
314677173,0
245425067,0
246932767,0
238898917,0
33253925,0
245278255,0
232005857,0
53637885,0
230464780,0
310124545,0
230471957,0
245427794,0
81116822,0
310056130,0
230653147,0
246385574,0
232383229,0
244659837,0
279170197,0
244306915,0
246121125,0
310469145,0
312915481,0
245430349,0
227325124,0
93546159,0
37234027,0
13325718,0
3907859,0
54640346,0
232009676,0
234472313,0
86575284,0
246060150,0
86639454,0
244770901,0
230473478,0
230530264,0
55286920,0
230530225,0
245249439,0
246103517,0
233344558,0
86659772,0
86973669,0
246134689,0
230465736,0
246046503,0
86842869,0
86620607,0
231994217,0
86817158,0
310065479,0
94251207,0
245717384,0
89736239,0
310058869,0
309974674,0
279966726,0
245243917,0
52271832,0
246819590,0
305281309,0
230412471,0
87690858,0
230352213,0
93274562,0
279994262,0
244312768,0
150817961,0
189275331,0
84064852,0
3407314,0
87080415,0
310493429,0
230519610,0
37232621,0
245156999,0
4987474,0
95393333,0
310440914,0
232417457,0
245148402,0
244364266,0
309984509,0
74324582,0
11011839,0
244677456,0
231827038,0
245441232,0
244310656,0
310467908,0
309983271,0
89443129,0
230548663,0
57739157,0
87637997,0
246103292,0
273139658,0
244795236,0
310758560,0
75605332,0
310122445,0
32103978,0
86913922,0
232000938,0
230455579,0
230545259,0
13238769,0
245432335,0
230596326,0
36213926,0
3420521,0
230434020,0
245927490,0
227066578,0
313113951,0
87783937,0
18897781,0
87776123,0
230468043,0
309955304,0
312814909,0
87690267,0
232465409,0
12116189,0
86714567,0
244712062,0
118688388,0
245218310,0
232091677,0
10697547,0
230457030,0
75607029,0
245781753,0
232904038,0
13943610,0
279784089,0
279145189,0
250213370,0
230437642,0
244300211,0
233997256,0
245499083,0
312155015,0
13330648,0
246107132,0
231992554,0
39522302,0
75598448,0
86808881,0
310429889,0
49558738,0
244797248,0
230552339,0
87625438,0
230643780,0
25689037,0
230531164,0
43172956,0
245214818,0
310100998,0
310140290,0
24404821,0
72987891,0
232900665,0
87020702,0
279483698,0
194099599,0
230530178,0
80591334,0
3881138,0
245179218,0
232027347,0
310055889,0
311041528,0
88282837,0
87842034,0
245768461,0
312904005,0
232050303,0
245343866,0
75604009,0
245774816,0
22623950,0
310089342,0
86844782,0
230399797,0
310428028,0
20631650,0
243450424,0
245241064,0
181957624,0
58822427,0
10964741,0
189293889,0
230651383,0
245778819,0
232400013,0
309940590,0
310087650,0
54492383,0
55501339,0
232431852,0
232919605,0
312357691,0
312122808,0
5527643,0
232400857,0
245435120,0
230588666,0
2512477,0
2804563,0
258961960,0
310471919,0
86576786,0
141051803,0
230521269,0
191914793,0
245165946,0
9693109,0
31434609,0
232432893,0
279053006,0
230468728,0
245423369,0
57932184,0
27434989,0
279461295,0
244364033,0
15003617,0
246373431,0
86736239,0
310112046,0
232359367,0
102054111,0
311390342,0
230336085,0
232957892,0
310434132,0
196783107,0
230528694,0
230530246,0
245261900,0
234470019,0
310492706,0
99506349,0
4716682,0
244797990,0
68587251,0
233237033,0
230642375,0
232673937,0
230541547,0
148443221,0
230594082,0
2826263,0
73171297,0
310529092,0
232673952,0
279201907,0
86821726,0
230330002,0
312494637,0
76867063,0
310439864,0
2804445,0
246052187,0
230461033,0
75600732,0
86798223,0
232380250,0
245240477,0
212704365,0
279407710,0
312176155,0
245200977,0
310532736,0
86808876,0
246044390,0
86605291,0
245778022,0
153190972,0
84626789,0
314868908,0
230471939,0
245391810,0
310468408,0
87757617,0
6900833,0
245468874,0
87020253,0
245728832,0
310460802,0
312354313,0
245789143,0
78143047,0
86737028,0
310493926,0
232051089,0
230406512,0
1494460,0
312886489,0
230417075,0
20299716,0
246111227,0
250227323,0
244282218,0
245768491,0
80855903,0
8801543,0
245196026,0
3553333,0
246406728,0
86718997,0
310082657,0
313860790,0
230658273,0
245442779,0
232348830,0
230511909,0
244716129,0
310049644,0
310492204,0
226601868,0
230544144,0
70107574,0
310150575,0
245723634,0
246143602,0
244714420,0
7424203,0
37234029,0
312120785,0
87868257,0
230426815,0
312342025,0
312881352,0
245754951,0
246147247,0
132545846,0
310069942,0
310148134,0
245756435,0
230552326,0
230530242,0
279157632,0
88058146,0
86669523,0
86821723,0
230768872,0
19138056,0
5051852,0
61428417,0
309987795,0
13122109,0
232441178,0
310040005,0
313521604,0
245322656,0
310075985,0
310494234,0
230523207,0
32981578,0
245277211,0
246681750,0
18883330,0
232034939,0
245475978,0
245288593,0
313986775,0
310053166,0
230599182,0
310470603,0
245747363,0
231029327,0
201581965,0
12631944,0
245288922,0
230432792,0
2207902,0
87169551,0
53723120,0
246043058,0
245179767,0
244689600,0
309985900,0
232686009,0
246213746,0
230651378,0
310512726,0
64472105,0
309975246,0
244679990,0
245818963,0
16212260,0
246407427,0
245795489,0
310109920,0
246107110,0
245504777,0
241908273,0
250223755,0
93852557,0
310092126,0
87602869,0
91222490,0
230334788,0
232900415,0
86807287,0
265219634,0
19156313,0
245214842,0
230459874,0
245731640,0
232897816,0
86772074,0
38099555,0
246048700,0
75603996,0
230472247,0
72318766,0
310053156,0
245429653,0
73077448,0
30917317,0
279482354,0
3880017,0
87617567,1
222785598,0
230524955,0
632833,0
99506347,0
230670897,0
202972480,0
12121616,0
22837929,0
232629023,0
57801713,0
86946862,0
232953491,0
3880947,0
147444589,0
310112336,0
86590546,0
3880788,0
245768529,0
69482458,0
314852701,0
87059026,0
310441291,0
279234149,0
86866086,0
244676403,0
245465403,0
312883962,0
245988066,0
86614393,0
232464260,0
230438472,0
87619707,0
230459322,0
3859898,0
245151173,0
230530206,0
244336634,0
8739026,0
245760849,0
245466538,0
49077026,0
21293488,0
232039890,0
232359178,0
2224540,0
86592519,0
86709544,0
232053923,0
230530049,0
246394176,0
306609370,0
245776265,0
87626492,0
230326387,0
246046201,0
11134518,0
244678012,0
232033533,0
245990437,0
244370017,0
279948960,0
230634613,0
313113636,0
245391459,0
246145441,0
230348399,0
202251566,0
279208156,0
310103638,0
245775710,0
87064606,0
230455739,0
232448376,0
36081116,0
212381118,0
245269758,0
246746558,0
87890684,0
245482505,0
3305212,0
312935457,0
304786757,0
85707447,0
312182209,0
313113055,0
232003681,0
245761446,0
5530134,0
54734942,0
86709545,0
230444788,0
245823974,0
230661981,0
230543224,0
75607152,0
4762079,0
309951037,0
232473516,0
309925566,0
69528874,0
245730880,0
209128289,0
230412856,0
20033752,0
312149354,0
244377804,0
245428223,0
22837956,0
5256431,0
97754981,0
245198718,0
8554810,0
246419035,0
120223542,0
246060874,0
230430136,0
13239483,0
16798698,0
86816914,0
230645824,0
76399985,0
310439934,0
145237259,0
33484270,0
309965333,0
7529721,0
19176343,0
245439823,0
232040050,0
231992573,0
245767618,0
314411355,0
230530348,0
3402222,0
279054376,0
5530452,0
245762552,0
37232608,0
309937950,0
87658538,0
187298095,0
245750753,0
312905660,0
310107485,0
14199065,0
245245182,0
313114204,0
310511484,0
194058857,0
9662223,0
161001047,0
105954645,0
67364447,0
230623077,0
82608531,0
230451735,0
312861124,0
232354199,0
22799522,0
309946847,0
311057778,0
246406092,0
31428290,0
245939461,0
310757563,0
245424168,0
86625897,0
309927449,0
310046255,0
312432209,0
244802785,0
244764667,0
90523481,0
310065960,0
87763151,0
3730830,0
6831439,0
231992550,0
2804605,0
230659118,0
244716133,0
279483919,0
245771718,0
5662056,0
232925804,0
309951075,0
230748737,0
230569371,0
230438746,0
24026500,0
12760744,0
94613517,0
244380374,0
244681850,0
230548928,0
86624151,0
86700589,0
244679645,0
245241078,0
57415857,0
244378237,0
27314129,0
27752704,0
22837943,0
246405435,0
86575279,0
246138168,0
244796961,0
244757212,0
245170672,0
246051477,0
63231373,0
246382858,0
245738728,0
244374723,0
310514791,0
2445347,0
245223172,0
310449507,0
4987645,0
232298067,0
245221730,0
231177396,0
230336287,0
232403829,0
312152374,0
231179595,0
1437209,0
279006434,0
232412807,0
244384003,0
230474369,0
310085383,0
35126340,0
91502140,0
231162971,0
245751775,0
256864110,0
232431885,0
230530281,0
230519603,0
244730263,0
230520423,0
310150243,0
261098588,0
234442470,0
244808550,0
232907628,0
86573132,0
227618681,0
244299995,0
312186248,0
1804442,0
20140411,0
245765215,0
246051930,0
310517768,0
108775437,0
29390845,0
109929287,0
279180687,0
232406381,0
244793949,0
245906933,0
89009493,0
230659117,0
245419213,0
310159793,0
246353135,0
244306303,0
244726614,0
87753036,0
312178636,0
53860075,0
230543262,0
86801266,0
232038809,0
86815174,0
16993348,0
147895092,0
232437491,0
222469523,0
87657805,0
230470009,0
87823676,0
246114519,0
232007343,0
77937785,0
312364809,0
230526903,0
230344692,0
88228163,0
310102719,0
245275087,0
230444451,0
232022462,0
244771198,0
230650039,0
232897265,0
113691617,0
255744489,0
230411683,0
310471299,0
310492327,0
312869027,0
245155139,0
232401501,0
86666032,0
13641456,0
232398773,0
232034284,0
244694282,0
232068008,0
250227831,0
310448089,0
230472251,0
241466796,0
87938019,0
230465663,0
310510010,0
3728612,0
92587044,0
310464839,0
245251150,0
39617086,0
310459045,0
78106298,0
38845391,0
272754100,0
230590640,0
245217813,0
229022948,0
289993390,0
97713896,0
244682786,0
232673945,0
234442906,0
232074274,0
69715271,0
51821170,0
87823766,0
230530231,0
46469331,0
230449926,0
246410536,0
86624382,0
244298099,0
86619980,0
245267405,0
59826952,0
232010801,0
309973726,0
245238251,0
244770914,0
232075513,0
246156772,0
88011144,0
86619424,0
309975521,0
279511569,0
86828399,0
75600747,0
244690761,0
310448110,0
245488034,0
244792175,0
231996124,0
279179618,0
88452288,0
86752797,0
230334817,0
1386449,0
87753045,0
245316851,0
244759552,0
230423848,0
27929553,0
232009711,0
245212159,0
87823767,0
86801679,0
279006799,0
76865955,0
230447409,0
245415331,0
222730806,0
232343708,0
312180302,0
246054106,0
312308959,0
230451737,0
310469453,0
8128848,0
246116372,0
244660096,0
230468421,0
245242177,0
310469777,0
87758843,0
309958448,0
3480510,0
310110114,0
86801358,0
244713633,0
245339059,0
232469155,0
16926630,0
232064953,0
31636054,0
245748841,0
105937444,0
279207366,0
37802886,0
148380087,0
310517063,0
4988292,0
246379964,0
244362106,0
232403460,0
310408248,0
230518392,0
230458963,0
17459658,0
57384847,0
310469429,0
232000581,0
266427480,0
192393975,0
310492339,0
230456370,0
86794225,0
230432970,0
86555574,0
245296979,0
86710414,0
234455847,0
10398164,0
11289189,0
230624668,0
230468082,0
87719174,0
232432347,0
245751262,0
230548621,0
246096812,0
279429817,0
246765620,0
230659444,0
232064269,0
258143342,0
310406928,0
230586846,0
309951034,0
23106084,0
245408442,0
86819815,0
86608871,0
232379207,0
232014181,0
14407957,0
36712175,0
24024538,0
312163589,0
569900,0
86563477,0
246280984,0
310063203,0
232424625,0
245476799,0
230418114,0
246030824,0
246058545,0
27531298,0
246111883,0
86754934,0
230537136,0
246041218,0
310146277,0
86825216,0
195227601,0
279493437,0
7404691,0
6883853,0
245208340,0
245316587,0
86692333,0
311039471,0
244363200,0
231211651,0
312861419,0
216815043,0
87716034,0
29235631,0
86725220,0
230466907,0
245760844,0
232408661,0
232009716,0
309991803,0
314872278,0
232959346,0
312152366,0
246416747,0
9577048,0
310513763,0
232470715,0
244722777,0
96258779,0
86867317,0
314897719,0
75218769,0
245750856,0
310447248,0
232468873,0
230645351,0
244659522,0
232456372,0
246037728,0
232031839,0
246418117,0
310444880,0
312494299,0
230392230,0
279958729,0
87631240,0
241910532,0
230570343,0
245140795,0
33972938,0
244315536,0
312152984,0
310516511,0
230465210,0
75604392,0
245774078,0
232022475,0
246051824,0
309968751,0
245465517,0
310505916,0
310098366,0
279965325,0
230539750,0
245939841,0
3874463,0
76866545,0
246402552,0
8071253,0
225446391,0
245178109,0
232444881,0
230586868,0
232431848,0
76867048,0
87694124,0
232712397,0
19916351,0
3375527,0
87954140,0
230468057,0
245155153,0
244691897,0
245197529,0
75600745,0
230337930,0
310470265,0
309989942,0
310509955,0
246043447,0
245780768,0
245752986,0
232443610,0
187548929,0
214467718,0
232423037,0
312170431,0
230645796,0
37233985,0
232012632,0
77849866,0
78170526,0
87042264,0
246054704,0
74572332,0
245441229,0
226148755,0
230537124,0
245347258,0
290025733,0
3730736,0
310132358,0
245251783,0
230877144,0
244689612,0
232907868,0
245824506,0
6560240,0
266423528,0
11460682,0
230336266,0
76865987,0
232431855,0
87604759,0
230528697,0
230471921,0
312830053,0
246058956,0
230594103,0
209352887,0
245288898,0
245328468,0
1393280,0
82706446,0
227540127,0
86734074,0
230436736,0
312493825,0
86564006,0
279498405,0
244726624,0
231213578,0
245196495,0
310085379,0
246061867,0
141935694,0
279424213,0
231995699,0
230549076,0
233599196,0
232435639,0
246384661,0
245439832,0
312219444,0
310509970,0
314861108,0
96624513,0
314789831,0
279834257,0
246404075,0
230531159,0
279039450,0
310532392,0
45751341,0
244693910,0
309960530,0
87627060,0
37231945,0
245156726,0
86825699,0
230451744,0
6899174,0
270151039,0
245475629,0
268692359,0
244371366,0
86617718,0
231994241,0
86641939,0
250217802,0
245781566,0
516531,0
246406194,0
312496374,0
58785995,0
88232904,0
88683755,0
229695614,0
97535343,0
230789377,0
310494217,0
232342520,0
2808090,0
203298738,0
279517457,0
230442140,0
232418821,0
232073363,0
309992130,0
12176317,0
203609761,0
59127450,0
50240226,0
310165813,0
86809749,0
27447795,0
232408669,0
3876980,0
86817129,0
92329367,0
50286678,0
86804589,0
230537135,0
246046859,0
159684895,0
87058407,0
230326431,0
244304322,0
230340190,0
309960195,0
245341715,0
232784293,0
313147270,0
245410557,0
87604182,0
310087939,0
155528266,0
28032183,0
230464549,0
244308884,0
230456342,0
310149884,0
86595165,0
283307774,0
230577376,0
3308973,0
230409249,0
245723443,0
230547593,0
132202691,0
245227132,0
232012115,0
39313952,0
35178102,0
310170126,0
245208042,0
7638964,0
87625567,0
245439831,0
309955153,0
245729630,0
50766959,0
13114107,0
230431558,0
245860815,0
309969350,0
232658521,0
230559353,0
310441289,0
87625418,0
245767620,0
86548714,0
230539740,0
2865010,0
314885888,0
230639247,0
244283184,0
230425547,0
226202050,0
6852010,0
310471938,0
86495387,0
86613643,0
230471919,0
230923479,0
310438241,0
86972687,0
246062710,0
87799475,0
244298622,0
246058965,0
230598445,0
2212348,0
230659124,0
231590190,0
139665511,0
310089883,0
245429709,0
181317357,0
245775304,0
310457374,0
87637968,0
36350939,0
87871746,0
232431854,0
246112678,0
312506253,0
232698839,0
232949013,0
13156081,0
27562211,0
230649197,0
230545706,0
232039381,0
230578991,0
86815639,0
244719125,0
87400211,0
310513735,0
64181490,0
232065009,0
309957825,0
230451747,0
313112561,0
309959468,0
1441181,0
245466511,0
310462048,0
199840946,0
232461244,0
231994070,0
89582095,0
124534478,0
279196126,0
245783212,0
279973529,0
245150186,0
87767530,0
310723346,0
3770997,0
232415197,0
230557021,0
87604753,0
2240973,0
37233988,0
1435398,0
279953691,0
279967821,0
310438853,0
230455968,0
310438238,0
230906375,0
244302469,0
245152120,0
310417853,0
230419189,0
202482959,0
245501635,0
3875654,0
314838112,0
5115009,0
230522180,0
232450632,0
312338385,0
78143038,0
310454864,0
312152372,0
245475650,0
230445138,0
22000731,0
230946548,0
314889443,0
181295823,0
246108477,0
310411978,0
310494228,0
86885019,0
246056432,0
82072649,0
246061862,0
309935617,0
22837795,0
232000565,0
36314035,0
245969778,0
245717378,0
245426696,0
246142167,0
230547581,0
230642396,0
309936511,0
245264209,0
230545768,0
310524771,0
310058875,0
246056752,0
312507689,0
244315869,0
232354183,0
245420794,0
246040555,0
75603986,0
22837916,0
245731631,0
6899182,0
232007259,0
230336698,0
87726436,0
230529170,0
245266675,0
246320353,0
245803008,0
110040474,0
232413670,0
87844610,0
232433797,0
245151616,0
22837806,0
248900594,0
245239172,0
83729105,0
232002737,0
245767018,0
11393776,0
230331390,0
247559587,0
230339498,0
230530349,0
245281513,0
9200465,0
245778412,0
312119899,0
310495352,0
245157066,0
244748297,0
310425088,0
22837816,0
2925436,0
187111812,0
246149106,0
88371284,0
86652566,0
279006881,0
246045839,0
87187375,0
88014101,0
244695927,0
310170660,0
2607366,0
312903974,0
230588890,0
11295555,0
9157539,0
246062706,0
28145238,0
246059389,0
309960525,0
232470465,0
244363188,0
279785502,0
246189018,0
87696478,0
244676644,0
232014220,0
87768524,0
279461258,0
230557036,0
310517059,0
42688201,0
276947841,0
9692635,0
245391820,0
105937458,0
310438843,0
245421365,0
309947463,0
98337514,0
246053429,0
13784017,0
244359620,0
244303990,0
308405564,0
310521023,0
86739426,0
230422103,0
86826399,0
245195897,0
245424174,0
246177297,0
75604051,0
310171747,0
96309813,0
244693269,0
181277207,0
310414800,0
310101779,0
87752188,0
3871340,0
246419501,0
312506787,0
247299367,0
279437696,0
310438254,0
310495675,0
208537161,0
245479574,0
246146254,0
246406761,0
246059502,0
287825691,0
3906233,0
241907539,0
245415927,0
244686977,0
245498449,0
3880766,0
244715778,0
312354618,0
246060888,0
86830621,0
230530817,0
244372656,0
834972,0
250210128,0
232065025,0
244660135,0
246391793,0
232016542,0
230348259,0
246386840,0
27526181,0
244699450,0
5192284,0
89152109,0
92731714,0
245812809,0
245778018,0
230569376,0
232672129,0
86353799,0
86934179,0
204059101,0
245721970,0
33771326,0
310439933,0
92180124,0
28514956,0
27867469,0
245319373,0
232051667,0
232345624,0
310044206,0
309970869,0
244714432,0
4968037,0
87823644,0
103825052,0
8248065,0
85150801,0
312221767,0
87721365,0
232409101,0
86801282,0
232419659,0
310150172,0
296713705,0
230593727,0
314859049,0
245250812,0
51413937,0
232457167,0
1440793,0
310453396,0
232049567,0
89757314,0
87633080,0
245771739,0
13644255,0
230598493,0
234017968,0
310445898,0
86667870,0
312497397,0
234435175,0
245392657,0
279639542,0
87889626,0
245329164,0
245498387,0
184950376,0
231994187,0
230471915,0
309950844,0
185164447,0
242515951,0
22049481,0
232633987,0
245777564,0
232358176,0
245734805,0
246059731,0
107598663,0
88196357,0
3197858,0
279539907,0
246170861,0
230578984,0
230405597,0
245765815,0
245231977,0
80045587,0
230468800,0
129170222,0
230625240,0
27312784,0
144657595,0
160263848,0
232054858,0
310051891,0
310160130,0
12878074,0
245768057,0
313110010,0
232446394,0
230659138,0
86947395,0
215649418,0
88195366,0
279151017,0
232907295,0
8119049,0
245722292,0
246061047,0
230619744,0
245260440,0
232921775,0
21700625,0
311053320,0
244681586,0
245213130,0
232431874,0
312149616,0
2919000,0
58069587,0
246118302,0
87030978,0
162874727,0
312118547,0
87752193,0
244315021,0
27740153,0
87724412,0
246129196,0
232956023,0
245760726,0
245287334,0
86804195,0
87803310,0
41436005,0
232028203,0
230543251,0
244309926,0
244716141,0
19507791,0
72663692,0
244309668,0
314825240,0
312126145,0
232402903,0
230425992,0
26186406,0
86830592,0
245775243,0
250227828,0
86646686,0
230610774,0
245867240,0
309975403,0
205356955,0
232468893,0
230440001,0
310170662,0
312494314,0
139790738,0
245180636,0
310692942,0
310468210,0
244359913,0
309960203,0
312506251,0
45874911,0
238715066,0
245237887,0
312153140,0
8128404,0
310467001,0
246191325,0
245463179,0
244342807,0
232065266,0
245221772,0
246430217,0
232398769,0
230429614,0
230557032,0
244284219,0
86629109,0
32062087,0
309938199,0
230545795,0
234429052,0
310424480,0
244688137,0
310484373,0
314431555,0
203437578,0
310470020,0
90215451,0
310464860,0
230530262,0
230348608,0
311343614,0
291225388,0
230646958,0
259315351,0
4591075,0
313110014,0
86595216,0
16445983,0
86887517,0
86624393,0
232425029,0
230440343,0
309946869,0
230548958,0
14878891,0
201377120,0
40424704,0
277429782,0
245825018,0
312174161,0
86765471,0
232658266,0
244376478,0
86642560,0
97980946,0
312813857,0
279072960,0
87236687,0
87121951,0
1430131,0
279972223,0
2096080,0
246378736,0
88426942,0
11666905,0
244689606,0
2876295,0
230544921,0
244676646,0
279178254,0
54824199,0
246099528,0
250227313,0
7654106,0
19153062,0
2886947,0
309963058,0
245920404,0
203606725,0
6910402,0
250523254,0
312120771,0
230556838,0
86591071,0
16660651,0
203703735,0
230335023,0
245244784,0
92491280,0
232059818,0
87783929,0
232405522,0
246066004,0
310516666,0
3383995,0
7653841,0
310433255,0
91301013,0
245774164,0
232649477,0
230467618,0
310471941,0
230661984,0
245168781,0
230438493,0
4600386,0
8089901,0
230426362,0
20873084,0
43960500,0
21243053,0
128264664,0
245476220,0
60492142,0
67220792,0
279033617,0
86554689,0
245424184,0
64292283,0
230411295,0
246405428,0
310108254,0
245449979,0
77934062,0
54735213,0
22837954,0
230456357,0
231267445,0
245198200,0
311398340,0
189278004,0
93259563,1
310511489,0
232712343,0
125972983,0
279437581,0
310514749,0
49146964,0
139790737,0
232582209,0
310757289,0
2987468,0
230571453,0
33137867,0
245759012,0
279129914,0
279459013,0
2887639,0
39825278,0
230338249,0
232921375,0
77166213,0
230339756,0
231565690,0
245251864,0
312152917,0
245251171,0
76002964,0
86789703,0
164486310,0
244792220,0
4454658,0
244659790,0
310464201,0
87754497,0
312115198,0
245171020,0
314851758,0
241488759,0
232401224,0
99506345,0
245417364,0
245775277,0
246105578,0
244685085,0
230440142,0
232920316,0
232018519,0
245178544,0
244374717,0
245429240,0
86546606,0
310054632,0
245795520,0
245336563,0
244702169,0
245771267,0
215795430,0
232008934,0
87757641,0
234024792,0
233599184,0
19920784,0
230418061,0
87626508,0
245777515,0
24279883,0
198855849,0
312894754,0
86622282,0
259315359,0
72990659,0
86562457,0
5530440,0
81133789,0
245244704,0
230418123,0
232471927,0
75604057,0
244677755,0
232473581,0
232632256,0
212700985,0
310517076,0
310471891,0
83849467,0
5275129,0
279483908,0
244365869,0
86614359,0
314892276,0
232453418,0
232448818,0
245202964,0
245360614,0
245431800,0
230548563,0
244688666,0
32132295,0
34180228,0
232019128,0
9238569,0
2787442,0
184436442,0
5529367,0
218538602,0
232455956,0
310426674,0
312490862,0
232431927,0
44686210,0
245818330,0
310492378,0
245245191,0
244298075,0
3602709,0
245824490,0
250228118,0
232349130,0
54649858,0
230469660,0
241216755,0
245239436,0
244688595,0
93825711,0
309939507,0
226889376,0
312503641,0
310469186,0
246061527,0
54418750,0
7936590,0
83060165,0
279173802,0
203003946,0
244779324,1
244702017,0
86873204,0
232430454,0
89210989,0
244679345,0
230814630,0
48338267,0
86617724,0
232709588,0
310433777,0
86807292,0
230331213,0
244702161,0
310443004,0
244305197,0
232018274,0
245420850,0
230440953,0
230426349,0
232007367,0
74624253,0
22837917,0
205313457,0
75991868,0
230530207,0
122531352,0
88011338,0
232947899,0
245939837,0
87625006,0
245154416,0
312203047,0
230459271,0
195312778,0
232671793,0
230531542,0
118688387,0
244712490,0
310492291,0
231166088,0
17152398,0
310429604,0
70013496,0
86801335,0
312208343,0
105937456,0
148619518,0
40779061,0
3880029,0
246080593,0
310088713,0
11340045,0
87020699,0
310098070,0
86802002,0
245190240,0
245966368,0
232470495,0
230411659,0
246088773,0
278996660,0
2887861,0
230331217,0
312507459,0
245775256,0
230467698,0
309925854,0
135025925,0
279974586,0
6886508,0
245270633,0
46544436,0
232659744,0
21763735,0
3402200,0
3768492,0
14944604,0
86832668,0
310464807,0
55020366,0
244713947,0
2220008,0
230438848,0
232001688,0
86864653,0
250214594,0
86846076,0
230539711,0
246125516,0
81270783,0
87777245,0
270161775,0
245818430,0
218539283,0
7089693,0
44674258,0
99606749,0
230445151,0
279949716,0
103239253,0
310041462,0
260906300,0
230593332,0
203608264,0
310424290,0
244713335,0
245209230,0
2893842,0
310150174,0
235370393,0
310103579,0
310437706,0
230550420,0
310432095,0
106609761,0
87628087,0
232431880,0
3728606,0
37912057,0
245720442,0
75607349,0
245236442,0
312891043,0
252469651,0
87745324,0
16085831,0
219844310,0
233393437,0
86643222,0
73170025,0
86475481,0
46469391,0
27914706,0
86947410,0
244301717,0
230540192,0
72669663,0
87802676,0
71785469,0
232473511,0
244798307,0
98063666,0
232015639,0
230667453,0
3876512,0
1430681,0
13354980,0
244731174,0
245250184,0
244689878,0
86742804,0
185744323,0
2771615,0
232453639,0
244680828,0
87910717,0
310493428,0
89151227,0
230446528,0
310103187,0
58052842,0
245476233,0
230543157,0
245479508,0
250212992,0
230679220,0
230652600,0
230424236,0
230636186,0
87823754,0
279196904,0
8185148,0
245475137,0
137898980,0
16835884,0
71366905,0
245408415,0
39484301,0
2207904,0
232040754,0
206225929,0
242197563,0
230423446,0
54640343,0
245328897,0
97752002,0
232342233,0
22837814,0
279653283,0
245757142,0
246177303,0
2713138,0
312494610,0
103315912,0
245859333,0
27800808,0
154481381,0
230681545,0
10973700,0
246109342,0
231994244,0
310151848,0
279059942,0
310101275,0
78404120,0
245942916,0
58322108,0
75598140,0
230656328,0
245340035,0
245460179,0
230451742,0
181945935,0
310111556,0
104874501,0
230339649,0
309961284,0
245775067,0
87648595,0
86850944,0
49722673,0
244362510,0
71369016,0
230436950,0
244315804,0
310148717,0
231997281,0
310108595,0
244692601,0
52876520,0
232431905,0
245792421,0
310433911,0
246126415,0
230595729,0
244803056,0
232470755,0
86929352,0
279101402,0
5608369,0
245213417,0
310128433,0
245753316,0
230557037,0
86745290,0
51489086,0
232431920,0
230969390,0
232405757,0
230645767,0
310071035,0
6899175,0
245269729,0
230548698,0
125609306,0
84344684,0
77235857,0
76858179,0
245734811,0
24971334,0
86739424,0
7660709,0
86831511,0
19587099,0
38879539,0
245797456,0
232037410,0
236663337,0
232457116,0
232007342,0
246038529,0
22837931,0
230645772,0
310161721,0
35722364,0
245802542,0
25728487,0
141785715,0
244295615,0
232902417,0
64283268,0
279175388,0
310443414,0
310161125,0
309946865,0
309953133,0
75604393,0
86740877,0
310510008,0
245768523,0
232898835,0
244370008,0
310515893,0
14845252,0
310471944,0
88228721,0
230522135,0
232396272,0
246378457,0
245724905,0
117797405,0
310425091,0
230406520,0
86586271,0
230548619,0
230439990,0
1393458,0
244722444,0
10250144,0
88227760,0
310111006,0
246402559,0
87782550,0
310472128,0
86873948,0
309991416,0
246059654,0
309987442,0
274582899,0
235531637,0
232896856,0
54419051,0
7346144,0
230570332,0
2453685,0
632836,0
228711624,0
14662093,0
6880613,0
244796457,0
3875116,0
242091259,0
232407734,0
245782228,0
245270802,0
309949338,0
244307420,0
310161093,0
232007332,0
86788731,0
279184859,0
310121655,0
230458430,0
86589161,0
265058287,0
279190086,0
86746206,0
246404399,0
232892372,0
30088075,0
246038097,0
89557894,0
310425671,0
279980631,0
230590944,0
244798306,0
29915460,0
245406833,0
230524593,0
232014177,0
75164817,0
230437331,0
230540580,0
279150035,0
245500065,0
313104506,0
87624979,0
245221752,0
244802767,0
230465367,0
244808539,0
204265625,0
55093080,0
312812560,0
245463181,0
230333948,0
244783793,0
63646256,0
97783237,0
86781120,0
279130856,0
87719189,0
310495037,0
244699718,0
230457093,0
232017785,0
313122358,0
225212299,0
232450627,0
14090177,0
310492347,0
244680561,0
233599183,0
17863556,0
313112789,0
87823727,0
279030252,0
246359022,0
230575464,0
312221373,0
245246925,0
279446096,0
246105568,0
27314137,0
313122103,0
310489742,0
312358321,0
234000006,0
87692786,0
244716128,0
314878403,0
232946915,0
32120805,0
87694435,0
310416234,0
86837846,0
313113642,0
230652186,0
309990463,0
86798224,0
232000936,0
245781993,0
231987305,0
232897712,0
1393191,0
13289755,0
231179615,0
230594121,0
86842877,0
310146570,0
310111542,0
112261685,0
104512292,0
230468674,0
86594809,0
245154480,0
70576054,0
230530818,0
245427892,0
86900129,0
230333964,0
1443660,0
230456717,0
35574259,0
246046226,0
6850535,0
87936723,0
232395869,0
312125744,0
178479614,0
232037104,0
230524978,0
46581025,0
310415439,0
244691792,0
244304624,0
86861727,0
2757630,0
313114200,0
3863635,0
232448418,0
245200600,0
2887635,0
179705279,0
246407446,0
245203703,0
310425087,0
232374624,0
86849917,0
245929102,0
310513771,0
245732181,0
232431862,0
6874991,0
230559750,0
245299811,0
53332016,0
202482975,0
230330954,0
312938076,0
27316005,0
245418907,0
309925562,0
21296808,0
88478213,0
310457375,0
90409028,0
34860995,0
230449518,0
244693940,0
230602259,0
180717916,0
279052380,0
230339691,0
142566872,0
230400505,0
232000563,0
230658276,0
231428131,0
86708164,0
245435799,0
246058960,0
232448399,0
312905653,0
233111366,0
86764135,0
22838028,0
246112391,0
6852119,0
230684633,0
230541530,0
245274117,0
244792530,0
279169319,0
181078819,0
187755862,0
140161606,0
312896976,0
244355318,0
230468058,0
231181134,0
230458655,0
58049690,0
196471940,0
246041432,0
230452721,0
245381647,0
232919640,0
3766714,0
312933242,0
232673599,0
245221759,0
310440101,0
244796950,0
244310668,0
245723440,0
244713007,0
232902867,0
61300665,0
245772353,0
279174086,0
87029749,0
245214130,0
310412450,0
245426107,0
23232553,0
245411340,0
234445048,0
230590480,0
232059246,0
192920166,0
309969220,0
245156723,0
3084050,0
80686264,0
86838848,0
245781744,0
19884312,0
232916687,0
245424182,0
86788809,0
2864954,0
76867010,0
230352216,0
92797015,0
245751784,0
230340248,0
222813026,0
245771248,0
100935434,0
245438792,0
310164769,0
162333485,0
309960201,0
1438443,0
27663008,0
87136343,0
87395827,0
232431850,0
201001125,0
245428857,0
99417144,0
3807285,0
244712030,0
64449680,0
6471849,0
310111327,0
313113301,0
245407745,0
310126271,0
279081411,0
231182309,0
245772394,0
230537123,0
232897353,0
88468997,0
312140227,0
20308970,0
213733494,0
192719266,0
246059684,0
310483449,0
7627796,0
2211076,0
230411282,0
232363569,0
230658292,0
86929862,0
241626368,0
279006468,0
28297225,0
244744229,0
87797310,0
244793579,0
86925829,0
230326381,0
230411688,0
245180642,0
314885862,0
288486337,0
86859865,0
244736322,0
310119183,0
232687817,0
13779984,0
87756359,0
245244808,0
245859784,0
230455953,0
71448255,0
246384206,0
310510633,0
232055535,0
273196130,0
230390974,0
309951030,0
27008595,0
2204059,0
31417414,0
244713345,0
310482695,0
245780422,0
230530266,0
230586895,0
3878766,0
267436114,0
244688672,0
232440028,0
245827030,0
245241567,0
310495033,0
4947974,0
310444328,0
245825525,0
203609030,0
86620601,0
312334917,0
245203707,0
244714415,0
221821097,0
245424187,0
312823002,0
245190234,0
230539308,0
146601712,0
1322012,0
279199935,0
75600707,0
244351633,0
87768509,0
184838521,0
2204060,0
310465423,0
12799217,0
310496823,0
224034427,0
76002796,0
309940595,0
74317560,0
246419109,0
310499362,0
75603998,0
232958835,0
312194429,0
76002967,0
260683004,0
53204177,0
313109735,0
45384482,0
279968214,0
230650191,0
19547985,0
279441112,0
105937504,0
232428618,0
309973457,0
232448022,0
31677555,0
16780529,0
245407249,0
86740881,0
246309672,0
244664539,0
245420039,0
232343693,0
87029750,0
246381059,0
232698847,0
67192415,0
19920674,0
309984514,0
51113720,0
245746991,0
246401613,0
231197614,0
232033953,0
10250139,0
312898658,0
245415675,0
86752787,0
169439495,0
86765052,0
310495348,0
76163135,0
246046203,0
245921886,0
46472834,0
87771422,0
10974347,0
230470045,0
144843046,0
230402431,0
86614412,0
230412050,0
232662122,0
230516991,0
310925235,0
86721196,0
232364856,0
230530335,0
230588237,0
54732323,0
245786824,0
140792218,0
91798399,0
245769412,0
75306424,0
245481526,0
232382462,0
310411966,0
17540419,0
309970288,0
12164177,0
248023843,0
309994600,0
75605130,0
313103798,0
310440098,0
76865210,0
230670899,0
310064778,0
231174359,0
230468660,0
310407983,0
245239053,0
6879633,0
245503152,0
87759821,0
10506205,0
116137377,0
312931453,0
230544163,0
304089856,0
230671330,0
95906596,0
86798225,0
63256745,0
13999594,0
73202694,0
245217028,0
187160350,0
87889721,0
86586270,0
231180581,0
312355600,0
86820365,0
246037466,0
37231944,0
87495282,0
230456324,0
310437446,0
245411017,0
24830553,0
279458327,0
230473476,0
40941775,0
245265354,0
244680532,0
245500463,0
245159453,0
245731703,0
245329077,0
234074001,0
232406421,0
232910749,0
314272259,0
75604049,0
245150586,0
87823739,0
87721254,0
232042969,0
50654897,0
310432094,0
245824494,0
203333809,0
230716290,0
184314017,0
230592577,0
230518343,0
309937930,0
246107580,0
230526901,0
245344767,0
245375069,0
2883359,0
3134874,0
230444458,0
6855861,0
310532319,0
149491549,0
232349065,0
245158150,0
312504270,0
245764720,0
312360355,0
312348695,0
86797675,0
75600862,0
311055481,0
88033375,0
309970293,0
19089989,0
309991467,0
279074332,0
232419104,0
309942301,0
312365829,0
230337861,0
17976990,0
310045716,0
310492718,0
245792417,0
1377838,0
230468734,0
312918793,0
277152496,0
11484501,0
230437650,0
230586836,0
230582497,0
246096951,0
244343691,0
245720096,0
310464495,0
244306717,0
310515886,0
230470035,0
250210142,0
6834286,0
245751718,0
245437550,0
312114321,0
310076314,0
230543017,0
279060788,0
310103375,0
86571988,0
76867061,0
310415466,0
230349989,0
3880946,0
230391875,0
246356917,0
231679552,0
86817909,0
169081758,0
245152658,0
230459067,0
279003386,0
22947250,0
246159342,0
310052932,0
34950069,0
244365584,0
29680502,0
86576235,0
86815648,0
196535269,0
231177927,0
46469343,0
310477694,0
195617390,0
232454798,0
246040766,0
230530239,0
3373103,0
86797677,0
232377157,0
6852008,0
245714324,0
34980435,0
27953825,0
45447794,0
310064836,0
231473071,0
244301571,0
310432063,0
231367273,0
86816658,0
232897299,0
310492205,0
87756348,0
189779502,0
76865977,0
87788672,0
46469345,0
230358918,0
86715022,0
310061013,0
122531357,0
232023929,0
243304660,0
309960455,0
75600717,0
844152,0
230517037,0
231177074,0
230454703,0
230582121,0
310097360,0
86914930,0
310459714,0
232467632,0
245195158,0
244771209,0
87044400,0
314430386,0
203605978,0
89008314,0
232040303,0
245774868,0
105937451,0
279200888,0
246390599,0
245159152,0
244302448,0
20971943,0
245195975,0
232922109,0
19835668,0
80045321,0
100178246,0
232429018,0
24790211,0
230452693,0
179510554,0
245266667,0
309974694,0
245277948,0
1445203,0
310114505,0
310058746,0
84413247,0
230594664,0
230658275,0
245256587,0
86803134,0
189310400,0
230714895,0
2836713,0
311063746,0
2713190,0
279006390,0
312195522,0
223658429,0
245500077,0
88033824,0
86738449,0
230334791,0
231026786,0
230456625,0
246132889,0
245170659,0
87752525,0
232013889,0
64149085,0
244676129,0
87756162,0
230682525,0
86564000,0
194950107,0
86619983,0
2868462,0
279056091,0
230414065,0
244659824,0
232904028,0
232784222,0
245781299,0
310150224,0
244694585,0
279199579,0
245440509,0
105937224,0
86736450,0
245767013,0
246408448,0
14304931,0
230459908,0
86821734,0
310433252,0
86582499,0
244685942,0
245775686,0
244808548,0
246104404,0
246367685,0
244659828,0
310105509,0
244688674,0
73299035,0
279024338,0
310094834,0
245756730,0
230330859,0
310164759,0
15137564,0
244322235,0
279037820,0
312902196,0
206224869,0
232689970,0
244792874,0
246048718,0
18353406,0
87030803,0
3297921,0
244327850,0
309956894,0
19609789,0
7897467,0
245430586,0
250208462,0
312504987,0
22837799,0
245190036,0
87823640,0
230589129,0
244712050,0
230677203,0
10509847,0
245761440,0
245992910,0
112693854,0
279196950,0
310142682,0
230444454,0
156330450,0
245231974,0
86974165,0
230530177,0
208540246,0
92571083,0
310415320,0
232009714,0
232450629,0
230400472,0
310496612,0
230679216,0
232000575,0
245771201,0
230653288,0
22837908,0
232431388,0
87066879,0
232451368,0
232051527,0
230516994,0
313103796,0
245254878,0
42094373,0
6850540,0
54096446,0
234464389,0
18010442,0
9726566,0
279176764,0
6900735,0
245529145,0
13330679,0
245162042,0
245414973,0
87804139,0
246139640,0
232040707,0
232406396,0
246363232,0
64231211,0
102874126,0
244795662,0
243647800,0
38874237,0
19543089,0
279158576,0
245740547,0
86592860,0
154598837,0
232419124,0
245279889,0
230595008,0
26213002,0
231995257,0
246061053,0
29115493,0
2544322,0
246147651,0
232431890,0
246111145,0
238599203,0
310151851,0
232920883,0
88076954,0
194837559,0
82948867,0
230444452,0
87023136,0
245755259,0
86734957,0
149067622,0
245737197,0
232010199,0
10818605,0
245440873,0
245196494,0
246136623,0
86738312,0
232634240,0
230641055,0
232892365,0
232346073,0
314839655,0
230456356,0
112533382,0
244682864,0
87805794,0
310405722,0
230530273,0
86743279,0
5528946,0
27927615,0
246049405,0
203606948,0
86552195,0
245501029,0
232472201,0
232470704,0
230518258,0
231996117,0
246352460,0
232073368,0
7233632,0
234304106,0
86788718,0
230336858,0
250208439,0
310514661,0
33021966,0
312497408,0
67417286,0
94562231,0
230663643,0
230528713,0
2893836,0
245228776,0
3891413,0
230642389,0
113598783,0
21293479,0
245774836,0
76865208,0
310509799,0
312108409,0
3881183,0
246038919,0
46469316,0
232359373,0
232000577,0
90409027,0
233627096,0
87672810,0
245407746,0
279461294,0
3838133,0
87972308,0
232431857,0
87620084,0
232432890,0
312493541,0
230415003,0
310517397,0
279051855,0
244680504,0
230670911,0
87767962,0
14746154,0
86817125,0
230401758,0
245431781,0
310406921,0
